Objectives,Inclusion Criteria,Exclusion Criteria,Methodology
Evaluate the effectiveness of drug X in treating hypertension,Age between 30-65,History of severe heart disease,Randomized controlled trial with two groups, one receiving drug X and the other placebo
Assess the safety profile of drug Y in patients with diabetes,Type 2 diabetes diagnosed for at least 1 year,Pregnant women or those planning pregnancy,Double-blind trial with placebo control and follow-up for 6 months
Investigate the impact of drug Z on cholesterol levels,Cholesterol levels above 240 mg/dL,Patients with liver disease,Cross-sectional study with pre-treatment and post-treatment analysis
Examine the effects of exercise on mental health,Healthy individuals aged 18-45,Individuals with current psychiatric conditions,Longitudinal cohort study, with assessments every 3 months
Test the efficacy of vaccination in preventing flu,Adults aged 18-60 with no prior flu vaccination history,Individuals with known allergies to vaccine components,Double-blind, placebo-controlled randomized trial with a 12-week follow-up
Determine the effect of diet on blood sugar control,Patients with moderate to severe hyperglycemia,Patients with kidney disease,Observational study with a 6-month dietary intervention program
Evaluate the long-term effects of antihypertensive drugs,Age 50-70 with diagnosed hypertension,Patients with history of stroke,Prospective cohort study with annual check-ups over 5 years
Investigate the impact of sleep quality on cognitive function,Healthy adults aged 18-40,Individuals with diagnosed sleep disorders,Experimental study with objective measures of sleep and cognitive performance
Study the correlation between physical activity and weight loss,Overweight individuals aged 18-60,Individuals with joint disorders,Randomized trial with exercise regimens monitored over 6 months
Assess the relationship between nutrition and gut health,Individuals on a balanced diet for at least 6 months,Individuals with gastrointestinal diseases,Longitudinal study with dietary intake tracking and gut microbiota analysis
Evaluate the effectiveness of a new antidepressant in treating major depressive disorder,Adults aged 18-65 diagnosed with major depressive disorder,Patients with bipolar disorder,Double-blind, placebo-controlled randomized trial with weekly assessments
Assess the impact of mindfulness meditation on stress reduction,Adults aged 25-50 with high perceived stress,Individuals with a history of schizophrenia,Controlled trial with pre- and post-intervention stress assessments
Investigate the relationship between smoking cessation and lung function,Smokers aged 20-60 who have smoked for at least 5 years,Individuals with asthma or chronic obstructive pulmonary disease (COPD),Randomized trial with regular pulmonary function testing over 1 year
Examine the effects of omega-3 supplementation on heart health,Adults aged 30-65 with elevated triglyceride levels,Individuals with a history of arrhythmia,Randomized controlled trial with blood lipid analysis at regular intervals
Test the effectiveness of virtual therapy for anxiety treatment,Adults aged 18-45 with diagnosed generalized anxiety disorder,Individuals with severe personality disorders,Online intervention with weekly therapy sessions monitored for 3 months
Study the correlation between sleep duration and academic performance,Students aged 18-22 with varying sleep durations,Students with diagnosed learning disabilities,Observational study with GPA and sleep tracking over one semester
Evaluate the impact of exercise on post-operative recovery,Post-surgery patients aged 50-75,Patients with significant cardiovascular disease,Prospective study with post-surgery rehabilitation programs monitored over 6 months
Investigate the effects of intermittent fasting on weight loss,Adults aged 25-50 with BMI between 25-35,Individuals with diabetes type 1,Randomized controlled trial with weight measurements taken every 4 weeks
Study the effectiveness of cognitive behavioral therapy (CBT) for insomnia,Adults aged 20-60 with chronic insomnia,Individuals with ongoing substance abuse,Randomized controlled trial with CBT sessions and sleep monitoring
Assess the role of probiotics in digestive health,Healthy adults aged 18-50,Individuals with known allergies to dairy,Double-blind trial with a 12-week probiotic supplementation and digestive health tracking
Evaluate the effectiveness of drug A in reducing blood pressure,Adults aged 40-65 with high blood pressure,Individuals with a history of stroke,Randomized controlled trial with blood pressure measurements taken at baseline and after 3 months of treatment
Assess the impact of exercise on mental well-being,Healthy individuals aged 18-50 with moderate stress levels,Individuals diagnosed with depression or anxiety disorders,Longitudinal cohort study with regular mental health assessments before and after exercise intervention
Investigate the effects of vitamin D supplementation on bone health,Adults aged 60+ with osteopenia,Patients with kidney disorders,Double-blind, placebo-controlled trial with bone mineral density scans conducted every 6 months
Study the relationship between caffeine consumption and sleep quality,Adults aged 20-40 with regular caffeine consumption,Individuals with sleep apnea or diagnosed insomnia,Observational study with sleep quality assessments and caffeine consumption tracking over 4 weeks
Examine the efficacy of yoga in reducing back pain,Individuals aged 30-55 with chronic lower back pain,Patients with a history of spinal surgery,Randomized trial with baseline pain assessments and follow-up after 8 weeks of yoga therapy
Test the effectiveness of an anti-aging serum in reducing skin wrinkles,Healthy adults aged 25-50 with visible wrinkles,Individuals with active skin conditions like acne or eczema,Double-blind, placebo-controlled trial with skin elasticity measurements at baseline and after 2 months
Assess the relationship between alcohol consumption and liver health,Adults aged 35-55 with a history of moderate alcohol use,Individuals with diagnosed liver diseases,Prospective study with liver enzyme testing and consumption tracking over 1 year
Investigate the effects of mindfulness-based stress reduction (MBSR) on chronic pain,Adults aged 30-70 with chronic pain,Patients with diagnosed mental health conditions such as PTSD,Randomized controlled trial with pain intensity assessments before and after MBSR sessions
Evaluate the role of a high-protein diet in muscle growth,Healthy adults aged 18-45 with normal weight,Individuals with renal disease,Controlled trial with muscle mass measurements before and after 6 months of a high-protein diet
Study the impact of probiotics on immune function,Healthy adults aged 18-50,Individuals with immune suppression conditions,Randomized trial with immune function tests (e.g., white blood cell count) and probiotic supplementation over 8 weeks
Evaluate the impact of a low-carb diet on weight loss,Adults aged 25-50 with BMI between 25 and 35,Individuals with metabolic disorders,Randomized controlled trial with weekly weigh-ins and diet tracking over 12 weeks
Assess the effect of meditation on reducing anxiety,Individuals with mild to moderate anxiety,People with severe psychiatric disorders,Randomized trial with anxiety level assessments at baseline and after 6 weeks of meditation practice
Investigate the influence of environmental factors on asthma symptoms,Adults aged 18-65 with asthma,Smokers or individuals with other respiratory diseases,Longitudinal study with environmental data and asthma symptom tracking over 1 year
Examine the effect of multivitamin supplementation on immune system response,Healthy adults aged 18-55,Individuals with diagnosed immune system disorders,Double-blind, placebo-controlled trial with immune system tests conducted every month for 6 months
Test the effectiveness of a new vaccine for COVID-19,Adults aged 18-65 with no prior COVID-19 vaccination history,Individuals with known allergies to vaccine components,Randomized controlled trial with antibody tests before and after vaccination
Determine the impact of aerobic exercise on heart health,Individuals aged 30-60 with moderate cardiovascular risk,Individuals with diagnosed heart disease,Controlled trial with heart health markers (e.g., cholesterol, blood pressure) assessed before and after 6 months of aerobic exercise
Study the correlation between sleep duration and cognitive performance,Healthy individuals aged 18-40,People with diagnosed sleep disorders,Longitudinal study with sleep tracking and cognitive performance testing over 3 months
Evaluate the effects of a plant-based diet on blood pressure,Adults aged 25-50 with elevated blood pressure,People with heart conditions,Randomized trial with blood pressure measurements before and after 8 weeks of a plant-based diet
Assess the relationship between stress levels and skin conditions,Adults aged 18-40 with mild to moderate acne,Individuals with active skin conditions other than acne,Observational study with stress level and skin condition tracking over 3 months
Investigate the role of hydration on athletic performance,Healthy athletes aged 18-30,Individuals with known kidney disorders,Controlled study with hydration levels and performance assessments during a 6-week training program
Examine the effects of high-intensity interval training (HIIT) on fat loss,Adults aged 20-45 with BMI between 25 and 35,Individuals with cardiovascular or joint issues,Randomized controlled trial with body composition assessments before and after 8 weeks of HIIT
Assess the impact of social media usage on mental health,Teenagers aged 13-18,Individuals with diagnosed mental health disorders,Longitudinal study with social media usage logs and mental health evaluations over 6 months
Investigate the role of omega-3 fatty acids in reducing inflammation,Adults aged 30-60 with elevated inflammation markers,Individuals with known fish allergies,Double-blind, placebo-controlled trial with blood tests for inflammation levels after 8 weeks of supplementation
Evaluate the impact of a mindfulness program on reducing stress in employees,Adults employed full-time in high-stress jobs,Individuals with diagnosed anxiety disorders,Randomized trial with stress level assessments before and after 6 weeks of mindfulness training
Study the effects of probiotics on gut health,Healthy adults aged 18-50,Individuals with gastrointestinal diseases,Randomized controlled trial with stool samples and gut health surveys taken before and after 12 weeks of probiotic supplementation
Assess the relationship between smoking cessation and lung function,Adults aged 25-55 who recently quit smoking,Individuals with active respiratory diseases,Observational study with lung function tests conducted at baseline and 6 months after quitting
Investigate the effects of daily walking on cardiovascular health,Adults aged 40-60 with moderate cardiovascular risk,Individuals with severe heart disease,Longitudinal study with daily walking logs and cardiovascular health assessments over 6 months
Examine the effectiveness of a mobile app in improving sleep patterns,Adults aged 18-50 with irregular sleep patterns,Individuals with diagnosed sleep disorders,Controlled study with app usage logs and sleep quality assessments before and after 6 weeks of using the mobile app
Evaluate the impact of early childhood education on cognitive development,Children aged 3-5 attending daycare or preschool,Children with developmental disabilities,Longitudinal study with cognitive development assessments at baseline and after 1 year of early education
Assess the role of vitamin D supplementation in preventing bone loss in older adults,Adults aged 60-80 with low vitamin D levels,Individuals with osteoporosis,Double-blind trial with bone density scans and vitamin D levels measured before and after 12 weeks of supplementation
Examine the effectiveness of a new cholesterol-lowering drug,Adults aged 40-70 with high cholesterol,Patients with liver disease,Randomized controlled trial with cholesterol measurements at baseline and after 3 months
Investigate the impact of high-fat diet on cognitive performance,Adults aged 25-45 with normal BMI,Individuals with pre-existing neurological disorders,Longitudinal study with cognitive function testing every 3 months
Evaluate the role of vitamin C in immune system function,Adults aged 18-50 with a history of frequent colds,Individuals with known allergies to citrus fruits,Double-blind, placebo-controlled trial with immune function testing after 6 weeks of supplementation
Study the effects of low-sodium diet on hypertension,Adults aged 30-60 with elevated blood pressure,Individuals with kidney disease,Randomized controlled trial with blood pressure measurements before and after 12 weeks of dietary intervention
Assess the impact of physical therapy on post-stroke rehabilitation,Adults aged 40-75 with a history of stroke,Patients with severe cognitive impairment,Prospective study with physical therapy sessions tracked over 6 months
Investigate the correlation between screen time and sleep quality,Teenagers aged 13-18 with varying screen times,Individuals with diagnosed sleep disorders,Observational study with daily screen time and sleep quality assessments over 2 months
Evaluate the effects of a Mediterranean diet on heart disease prevention,Adults aged 40-65 with moderate cardiovascular risk,Patients with existing heart disease,Randomized controlled trial with heart disease markers (e.g., cholesterol, blood pressure) monitored over 12 months
Investigate the effectiveness of acupuncture for pain management,Adults aged 18-65 with chronic pain,Individuals with bleeding disorders,Randomized controlled trial with pain assessments before and after 8 weeks of acupuncture therapy
Examine the impact of sleep deprivation on cognitive function,Healthy adults aged 20-40,Individuals with diagnosed sleep disorders,Experimental study with cognitive testing after varying amounts of sleep deprivation
Assess the role of probiotics in improving mood,Adults aged 18-50 with mild depressive symptoms,Individuals with severe mental health disorders,Double-blind, placebo-controlled trial with mood assessments before and after 8 weeks of probiotic supplementation
Study the effectiveness of an online weight loss program,Adults aged 25-55 with BMI over 30,Individuals with eating disorders,Controlled study with weight and body composition measurements before and after 6 months of program participation
Investigate the impact of green tea on weight loss,Adults aged 18-45 with BMI between 25-35,Individuals with a history of gastrointestinal issues,Randomized controlled trial with weight measurements every 4 weeks
Evaluate the impact of a high-fiber diet on digestive health,Adults aged 18-60 with normal digestive function,Individuals with gastrointestinal diseases,Randomized controlled trial with stool sample analysis before and after 8 weeks of dietary intervention
Assess the relationship between sugar consumption and obesity,Adults aged 25-45 with varying sugar intake levels,Individuals with diabetes or metabolic disorders,Observational study with dietary logs and BMI tracking over 6 months
Investigate the effects of intermittent exercise on cardiovascular health,Adults aged 20-50 with moderate cardiovascular risk,Individuals with heart disease,Randomized controlled trial with cardiovascular assessments before and after 12 weeks of intermittent exercise
Study the impact of omega-6 fatty acids on inflammation,Adults aged 30-60 with elevated inflammation markers,Individuals with known allergies to sunflower oil,Double-blind, placebo-controlled trial with blood tests for inflammation levels after 8 weeks of supplementation
Evaluate the role of mindfulness in managing chronic pain,Adults aged 30-70 with chronic pain,Individuals with untreated mental health conditions,Randomized controlled trial with pain assessments before and after 8 weeks of mindfulness practice
Examine the effects of vitamin B12 supplementation on energy levels,Adults aged 18-60 with low vitamin B12 levels,Individuals with kidney disease,Double-blind, placebo-controlled trial with energy level surveys before and after 12 weeks of supplementation
Investigate the impact of vegan diet on blood sugar control,Adults aged 18-50 with prediabetes,Individuals with autoimmune diseases,Randomized controlled trial with blood sugar levels monitored over 3 months of dietary intervention
Study the effects of yoga on mental health in elderly,Adults aged 60-80 with mild to moderate stress,Individuals with severe psychiatric conditions,Randomized controlled trial with stress and mental health assessments before and after 12 weeks of yoga practice
Assess the relationship between alcohol consumption and sleep disturbances,Adults aged 25-55 with varying alcohol intake,Individuals with diagnosed sleep disorders,Observational study with sleep tracking and alcohol consumption logs over 3 months
Examine the impact of daily hydration on physical performance,Healthy athletes aged 18-30,Individuals with kidney disease,Experimental study with hydration levels and performance assessments during a 4-week training period
Evaluate the effect of social support on mental well-being,Adults aged 20-50 with moderate stress levels,Individuals with severe psychiatric disorders,Longitudinal study with social support surveys and mental health assessments every 3 months
Assess the effectiveness of a mobile health app in weight management,Adults aged 25-50 with BMI above 25,Individuals with eating disorders,Randomized controlled trial with weight and body composition tracking over 6 months
Investigate the role of vitamin A in skin health,Healthy adults aged 18-45 with normal skin,Individuals with active skin conditions,Double-blind, placebo-controlled trial with skin health assessments before and after 12 weeks of supplementation
Study the correlation between caffeine consumption and anxiety levels,Adults aged 18-35 with varying caffeine intake,Individuals diagnosed with anxiety disorders,Observational study with anxiety assessments and caffeine consumption logs over 3 months
Examine the effects of strength training on muscle mass,Healthy adults aged 20-45,Individuals with joint or bone issues,Randomized controlled trial with muscle mass measurements before and after 6 months of strength training
Assess the impact of social isolation on mental health,Adults aged 50-75 with no close social connections,Individuals with severe mental health disorders,Longitudinal study with mental health evaluations over 6 months
Investigate the effects of high-protein diet on weight loss,Adults aged 18-50 with BMI over 30,Individuals with kidney issues,Randomized controlled trial with body weight and composition tracking over 12 weeks of high-protein dietary intervention
Study the effectiveness of digital detox on mental well-being,Adults aged 25-50 with high screen time,Individuals with diagnosed mental health conditions,Randomized controlled trial with mental health assessments before and after a 2-week digital detox
Examine the effects of meditation on cognitive function,Adults aged 18-40 with normal cognitive function,Individuals with mental health disorders,Randomized controlled trial with cognitive function assessments before and after 8 weeks of meditation practice
Investigate the role of a plant-based diet in weight loss,Adults aged 25-55 with BMI above 25,Individuals with eating disorders,Randomized controlled trial with weight loss tracking and dietary intake logs over 6 months
Evaluate the effects of probiotics on mental health,Healthy adults aged 18-45,Individuals with severe psychiatric conditions,Randomized controlled trial with mental health evaluations before and after 8 weeks of probiotic supplementation